Dialog No.,Gender,Education,a,b,R^2,RMSE,MAE,NRMSE
3040,3,3-2,0.288488,0.695189,0.754512,0.043302,0.038582,0.176096
2120,2,3-2,0.291749,0.760705,0.825116,0.035638,0.032983,0.15146
3924,1,3-2,0.267378,0.790616,0.740646,0.041244,0.036772,0.193529
4703,2,3-2,0.255664,0.791521,0.858564,0.026011,0.021107,0.123863
3382,3,2-2,0.290795,0.801848,0.693905,0.052786,0.048181,0.225219
2883,1,2-2,0.279129,0.803779,0.739005,0.04392,0.034388,0.196595
2067,1,3-2,0.240114,0.80567,0.781308,0.03024,0.027497,0.154829
3272,2,3-2,0.326492,0.80896,0.761402,0.051489,0.044996,0.193083
3256,1,2-2,0.279625,0.811253,0.774779,0.039599,0.037671,0.165284
3776,2,3-2,0.255802,0.812942,0.863549,0.025078,0.019781,0.11949
3331,1,2-2,0.243698,0.817843,0.802354,0.028707,0.024666,0.151977
3088,1,2-2,0.287942,0.818849,0.722539,0.048085,0.046711,0.204037
3979,3,3-2,0.255676,0.83484,0.885194,0.022228,0.01693,0.103203
2955,2,2-2,0.256237,0.836469,0.760524,0.034708,0.031381,0.169505
3204,2,3-2,0.321179,0.840104,0.816323,0.042479,0.036999,0.157778
3162,2,3-2,0.311666,0.84154,0.774125,0.046578,0.043075,0.182262
3375,3,2-2,0.343301,0.850014,0.723235,0.061664,0.059572,0.214829
2640,2,3-2,0.297116,0.852154,0.808955,0.038704,0.034808,0.155861
3409,2,2-2,0.290096,0.857152,0.81799,0.035895,0.028543,0.149017
2998,2,3-3,0.295002,0.862628,0.790188,0.040296,0.038495,0.161183
4064,2,3-2,0.300875,0.863395,0.782279,0.042577,0.038255,0.168372
2349,2,2-2,0.349229,0.869716,0.744583,0.059551,0.054101,0.200837
3023,3,3-2,0.284937,0.871776,0.731655,0.043917,0.039016,0.1911
4051,2,3-3,0.330709,0.874849,0.863696,0.036649,0.034887,0.128272
4022,3,2-2,0.324562,0.875334,0.785578,0.047477,0.044034,0.173153
4138,3,3-2,0.350344,0.876144,0.774274,0.054926,0.050624,0.185904
2455,1,2-2,0.305106,0.876432,0.812799,0.039289,0.032024,0.153226
4380,3,3-2,0.310903,0.876835,0.730535,0.051604,0.044155,0.206416
2490,1,2-2,0.281255,0.878864,0.80462,0.034522,0.029213,0.146613
4615,2,2-2,0.316577,0.880263,0.801052,0.043398,0.03871,0.164612
2461,3,3-2,0.284616,0.881788,0.809542,0.034753,0.031348,0.144542
4363,3,3-2,0.275611,0.886119,0.800868,0.033097,0.029369,0.145626
4108,1,3-2,0.319856,0.887196,0.796565,0.04463,0.040055,0.167363
4796,3,2-2,0.294002,0.887736,0.827485,0.034631,0.032372,0.13708
3662,3,2-2,0.294674,0.887806,0.818392,0.03588,0.028078,0.149262
2840,2,3-3,0.315973,0.889343,0.737824,0.051606,0.044447,0.198327
4320,3,2-2,0.333943,0.895761,0.750458,0.054533,0.046045,0.193505
3303,2,2-2,0.302478,0.895801,0.834629,0.035294,0.02706,0.141175
3320,3,3-2,0.270855,0.896172,0.866592,0.02506,0.020254,0.106872
4037,3,2-2,0.323361,0.896767,0.780679,0.047396,0.042187,0.172657
2546,3,2-2,0.327379,0.898349,0.875448,0.034075,0.031482,0.117257
3244,1,2-2,0.360586,0.899239,0.741399,0.06284,0.05706,0.205379
2826,1,3-2,0.285494,0.900559,0.771607,0.038018,0.033764,0.155296
2617,1,2-2,0.316373,0.902769,0.809935,0.041483,0.038575,0.150464
4114,3,3-3,0.311527,0.903004,0.781412,0.044034,0.039503,0.16813
3150,2,3-2,0.309361,0.90304,0.790841,0.04226,0.035557,0.161358
2619,3,3-3,0.290501,0.90548,0.908869,0.023059,0.021882,0.089033
3487,2,3-2,0.315238,0.906146,0.93505,0.022125,0.019801,0.077879
3294,2,3-2,0.312455,0.908162,0.791303,0.04278,0.038545,0.15956
3068,3,3-3,0.282877,0.909489,0.820304,0.031705,0.025769,0.134194
4822,2,2-2,0.32833,0.909895,0.777691,0.048664,0.044251,0.180751
3985,3,3-2,0.294247,0.910399,0.805912,0.036244,0.027632,0.152857
3655,1,2-2,0.28645,0.911508,0.818756,0.032731,0.029604,0.136201
4077,2,2-2,0.304488,0.912579,0.768031,0.043217,0.033556,0.175957
3993,2,2-2,0.264779,0.91273,0.935636,0.015675,0.013438,0.066936
3523,1,2-2,0.29654,0.913277,0.845403,0.032082,0.02987,0.123127
2005,3,2-2,0.323095,0.913506,0.808593,0.04406,0.039103,0.161047
3524,2,3-2,0.271374,0.913907,0.902303,0.020596,0.016891,0.082842
3118,1,3-2,0.287065,0.913926,0.879024,0.026024,0.021418,0.106326
3063,1,3-2,0.295967,0.91462,0.850884,0.031108,0.027139,0.123019
2587,2,3-2,0.302627,0.916189,0.840303,0.033809,0.028979,0.130826
3580,3,2-2,0.298645,0.916649,0.842076,0.032798,0.026352,0.128382
2678,3,3-3,0.312069,0.916717,0.832543,0.036974,0.027316,0.139597
2302,3,3-2,0.30551,0.918627,0.811708,0.037887,0.031814,0.150432
4716,2,3-2,0.35396,0.919221,0.753995,0.058754,0.055128,0.193544
3035,3,3-2,0.333041,0.920758,0.686586,0.062645,0.055074,0.230926
3238,1,2-2,0.289312,0.920952,0.883931,0.025732,0.016491,0.103881
2094,2,3-2,0.282009,0.921251,0.870742,0.025887,0.01911,0.108118
2197,3,3-3,0.318757,0.923064,0.749338,0.049052,0.042196,0.186256
3784,3,2-2,0.345423,0.92309,0.734957,0.059304,0.051841,0.208752
4752,2,3-1,0.337624,0.924124,0.72587,0.058293,0.048961,0.20819
2559,2,2-2,0.285362,0.924832,0.816255,0.031867,0.023668,0.136842
4023,3,3-2,0.295603,0.92504,0.882201,0.026843,0.022419,0.105837
3646,2,2-2,0.306611,0.927151,0.824084,0.036294,0.031149,0.142833
2259,2,3-2,0.327625,0.928744,0.888931,0.031457,0.028899,0.108048
4152,2,3-2,0.289471,0.930552,0.868201,0.027115,0.024371,0.109463
4659,2,2-2,0.349793,0.930759,0.85552,0.040716,0.039741,0.127966
2716,2,3-3,0.285793,0.931169,0.807993,0.031994,0.024821,0.13744
4679,3,3-2,0.309062,0.931274,0.87306,0.030413,0.027129,0.115858
3276,1,2-2,0.344967,0.933054,0.789072,0.050453,0.04386,0.170889
4370,3,3-2,0.317423,0.933479,0.837123,0.036958,0.030943,0.14044
4347,3,3-1,0.311607,0.93538,0.815101,0.038187,0.031224,0.147724
3509,2,3-2,0.287683,0.93607,0.908444,0.021908,0.01717,0.083252
4071,2,2-2,0.306573,0.936396,0.800913,0.038564,0.030918,0.15075
2450,2,3-2,0.321241,0.937133,0.87999,0.03153,0.022653,0.115609
3543,3,3-2,0.285263,0.937137,0.854812,0.02738,0.020702,0.116663
3381,2,2-2,0.322368,0.938585,0.822046,0.039918,0.035346,0.14684
2370,2,3-2,0.326225,0.938829,0.728699,0.053106,0.042093,0.198316
4133,3,3-2,0.34558,0.939842,0.845801,0.041557,0.03522,0.137657
3417,2,3-2,0.326952,0.941321,0.869196,0.034133,0.031593,0.120779
2293,2,2-2,0.328644,0.942106,0.786497,0.046122,0.040006,0.166487
3309,2,3-3,0.305113,0.942728,0.875635,0.028957,0.020562,0.111372
2537,2,2-2,0.310698,0.942938,0.818945,0.036975,0.031523,0.142968
3763,2,2-2,0.288132,0.943004,0.909654,0.021532,0.017364,0.08613
4792,3,3-2,0.313658,0.943219,0.861706,0.032464,0.03069,0.114813
4181,3,2-2,0.3292,0.943924,0.795072,0.045007,0.040596,0.161367
4334,3,3-2,0.322675,0.944689,0.791203,0.04368,0.035741,0.160823
2488,1,3-2,0.292113,0.94543,0.845818,0.028925,0.023715,0.115051
2741,1,2-2,0.325183,0.945592,0.838901,0.037959,0.034871,0.13602
3809,2,2-2,0.302953,0.945737,0.856488,0.030547,0.027336,0.118368
4130,2,2-2,0.305749,0.945784,0.874533,0.029132,0.022786,0.111463
2981,2,3-2,0.303533,0.945874,0.871185,0.029019,0.02236,0.111435
3074,1,3-2,0.318496,0.946595,0.819831,0.038625,0.034421,0.144077
2287,1,2-2,0.324092,0.947262,0.78291,0.045014,0.036101,0.165619
4159,3,3-2,0.308668,0.948568,0.765135,0.042506,0.032089,0.170024
2744,2,2-2,0.303187,0.94987,0.756654,0.04044,0.031558,0.164329
2842,2,2-2,0.30858,0.951644,0.866259,0.030557,0.023895,0.113895
4697,1,3-3,0.327431,0.951966,0.849903,0.036655,0.033742,0.130582
2962,3,3-2,0.325396,0.952452,0.800512,0.042784,0.035631,0.155661
2709,1,3-2,0.312042,0.952855,0.785972,0.040142,0.031668,0.155472
3500,2,2-2,0.312327,0.952953,0.813877,0.03762,0.028882,0.146718
4840,2,2-2,0.357231,0.954659,0.762637,0.057269,0.050352,0.191556
2753,2,2-2,0.312331,0.954739,0.857621,0.032009,0.027044,0.119579
3663,2,3-2,0.314628,0.955168,0.882341,0.029273,0.024709,0.107096
4603,3,3-2,0.351327,0.95519,0.83179,0.044644,0.038558,0.147521
3788,1,3-2,0.369337,0.956503,0.727983,0.066468,0.059525,0.213646
4720,2,3-2,0.343971,0.956585,0.88698,0.033883,0.031659,0.105522
3133,1,3-2,0.310986,0.956591,0.901956,0.025879,0.02151,0.093888
2616,3,3-2,0.306955,0.957661,0.796897,0.037311,0.02835,0.148
4154,3,3-2,0.350179,0.95809,0.832249,0.044165,0.031216,0.147783
3803,2,3-3,0.32377,0.958857,0.813205,0.040516,0.035506,0.1439
3518,3,2-2,0.26528,0.959393,0.982676,0.007584,0.006141,0.030653
2924,2,3-2,0.303141,0.959965,0.786933,0.036818,0.028932,0.146818
2554,3,3-2,0.325899,0.960538,0.79645,0.042774,0.037758,0.150638
3946,2,3-1,0.33517,0.961613,0.805782,0.044262,0.038923,0.156218
4184,2,2-2,0.311215,0.963026,0.866785,0.030415,0.023772,0.112466
2717,3,3-2,0.304164,0.963074,0.826675,0.032866,0.026994,0.130248
3457,1,3-2,0.361923,0.963762,0.895133,0.035443,0.032853,0.107905
4707,3,3-3,0.312705,0.963825,0.858339,0.031747,0.026485,0.119323
3170,1,2-2,0.326774,0.964253,0.861666,0.03447,0.023431,0.122671
3345,3,2-2,0.308452,0.965133,0.814619,0.035715,0.026718,0.140039
2260,2,2-2,0.276535,0.96559,0.950599,0.013588,0.011768,0.052314
3283,2,2-2,0.326282,0.965679,0.901106,0.028389,0.027485,0.09721
2558,1,3-2,0.335715,0.965999,0.882873,0.032969,0.027559,0.110448
4858,3,3-2,0.389598,0.966155,0.805007,0.05653,0.048643,0.155003
3286,2,3-2,0.298492,0.96856,0.882905,0.025817,0.015246,0.100685
2610,3,3-2,0.297363,0.968749,0.884737,0.024934,0.018557,0.096669
4129,2,3-3,0.335083,0.969363,0.8469,0.03808,0.033445,0.131649
3333,1,2-2,0.301329,0.969439,0.911489,0.022414,0.019698,0.081685
4801,2,3-2,0.301328,0.97012,0.908508,0.022813,0.019161,0.085987
2957,1,3-2,0.338075,0.97023,0.798175,0.045703,0.037799,0.15943
3111,3,3-3,0.360492,0.970907,0.824358,0.047583,0.039266,0.151958
3021,3,2-2,0.361597,0.971204,0.908063,0.032669,0.030402,0.096545
3447,2,3-2,0.297174,0.971219,0.912178,0.021793,0.016011,0.084167
4174,3,2-2,0.359488,0.971715,0.828162,0.046671,0.039892,0.152112
3557,3,2-2,0.294702,0.972969,0.957549,0.014568,0.012496,0.054775
3077,1,3-2,0.313479,0.973392,0.843286,0.032883,0.027369,0.122216
3103,1,3-2,0.348479,0.976125,0.786179,0.050077,0.041967,0.167566
3198,1,3-2,0.361447,0.9764,0.817152,0.048795,0.041525,0.153778
3360,3,2-2,0.394511,0.976456,0.887578,0.041782,0.037147,0.116061
2766,2,2-2,0.320349,0.977995,0.857754,0.032736,0.025781,0.117499
4312,3,2-2,0.347749,0.978331,0.837816,0.042149,0.030039,0.142252
3402,3,3-2,0.332499,0.978436,0.877618,0.032759,0.024067,0.114657
3270,2,2-2,0.359199,0.97966,0.850299,0.042645,0.032305,0.137073
3121,2,3-1,0.325123,0.979902,0.825539,0.037781,0.032366,0.131122
2383,2,2-2,0.322733,0.979973,0.863212,0.032655,0.024769,0.119316
2477,3,2-2,0.310164,0.982439,0.863659,0.028943,0.024838,0.107013
4644,1,2-2,0.364967,0.982748,0.814635,0.049879,0.043312,0.159612
2160,2,3-3,0.294364,0.983905,0.948023,0.015745,0.014137,0.058159
3227,2,3-3,0.326652,0.984013,0.834211,0.037191,0.028882,0.133031
4856,2,2-2,0.343534,0.984711,0.836308,0.041142,0.033709,0.139883
4649,2,3-2,0.363937,0.986589,0.837298,0.045706,0.03937,0.143017
3279,2,2-2,0.315215,0.988377,0.889459,0.027122,0.0224,0.098545
3095,2,2-2,0.321565,0.988697,0.79658,0.039625,0.029843,0.148012
2897,2,3-2,0.347874,0.989156,0.836707,0.041872,0.035353,0.138063
3428,2,3-1,0.357952,0.98921,0.802403,0.049739,0.039649,0.167305
2749,2,3-2,0.333572,0.99016,0.887621,0.030881,0.02605,0.105398
2476,2,3-3,0.349195,0.990784,0.794698,0.048045,0.039867,0.16059
2038,3,3-3,0.333109,0.990954,0.860196,0.034542,0.030955,0.118643
3267,1,3-2,0.334901,0.991626,0.960177,0.017908,0.014157,0.058199
2262,1,3-1,0.326183,0.992886,0.807419,0.039501,0.030283,0.141956
3956,2,3-1,0.335615,0.993049,0.87522,0.033036,0.029299,0.112122
2638,3,2-2,0.323731,0.993452,0.844565,0.033868,0.029523,0.118537
2887,1,2-2,0.308541,0.994595,0.865586,0.027571,0.020208,0.104375
2836,3,3-3,0.316178,0.995537,0.827911,0.033421,0.025608,0.125328
4725,2,2-2,0.335797,0.996495,0.8116,0.04165,0.032868,0.146446
3208,1,2-2,0.424583,0.99751,0.818287,0.061632,0.049935,0.16846
2344,2,3-2,0.306604,0.997908,0.897237,0.023413,0.019469,0.086528
2767,1,3-3,0.28845,0.999683,0.912396,0.01816,0.014651,0.071059
2576,2,2-2,0.314578,1.000704,0.834681,0.032277,0.023219,0.123101
2684,1,3-2,0.326063,1.001632,0.894207,0.027635,0.023955,0.096065
4341,2,3-2,0.338579,1.001791,0.879072,0.03272,0.029969,0.110157
4080,3,3-2,0.317157,1.002918,0.9336,0.020502,0.018058,0.070575
2819,3,2-2,0.293254,1.003034,0.959787,0.013222,0.01087,0.04826
2945,2,3-2,0.321079,1.003468,0.894111,0.026649,0.021973,0.094073
2525,1,3-1,0.336034,1.004568,0.813742,0.040151,0.032433,0.140529
3694,1,2-2,0.308252,1.005649,0.937583,0.018532,0.014868,0.066473
4151,3,3-2,0.372629,1.005692,0.90027,0.03539,0.025502,0.108033
2303,2,3-3,0.323438,1.00585,0.905215,0.025601,0.021958,0.088619
2780,3,3-2,0.316128,1.005939,0.872208,0.027859,0.022641,0.100991
3223,2,2-2,0.349779,1.009704,0.922307,0.027355,0.024565,0.085896
2228,2,3-2,0.325268,1.00989,0.929635,0.022145,0.019471,0.075474
4765,3,3-2,0.359231,1.010631,0.905169,0.032135,0.030363,0.099418
4774,1,2-2,0.337294,1.010693,0.875414,0.03252,0.028065,0.108108
4004,3,2-2,0.294464,1.012154,0.971852,0.011318,0.006601,0.041828
3143,1,3-2,0.345181,1.01246,0.812841,0.042849,0.033497,0.147592
2421,2,2-2,0.35245,1.01262,0.767871,0.051376,0.041267,0.171575
3411,2,2-2,0.317604,1.013089,0.926401,0.021326,0.017853,0.073456
2234,1,3-2,0.343179,1.014098,0.895891,0.030484,0.027676,0.098928
3551,1,2-2,0.358856,1.014725,0.815164,0.04677,0.039083,0.150231
2436,2,3-2,0.320737,1.014887,0.891193,0.026146,0.021817,0.09151
2657,1,3-2,0.324961,1.015001,0.862784,0.030807,0.024106,0.109177
3521,3,3-2,0.323606,1.015037,0.906604,0.025254,0.017362,0.088731
3535,1,2-2,0.333587,1.015041,0.91271,0.02611,0.022199,0.088314
4608,2,3-1,0.337801,1.015223,0.871173,0.032727,0.027474,0.11188
2486,1,3-3,0.369338,1.015291,0.843308,0.044837,0.038693,0.13831
3029,2,2-2,0.34977,1.015385,0.800696,0.045385,0.039473,0.153173
2041,2,3-2,0.339915,1.015782,0.864648,0.033983,0.030065,0.112224
2064,2,3-2,0.326602,1.017008,0.936641,0.020969,0.018386,0.069108
3504,3,2-2,0.356672,1.017104,0.828264,0.043761,0.034429,0.143952
3039,1,3-2,0.310997,1.017323,0.952505,0.016128,0.012788,0.056564
2441,3,3-3,0.330217,1.017859,0.861834,0.031603,0.026626,0.108504
4316,3,3-2,0.334512,1.017868,0.917552,0.025373,0.021848,0.082796
3399,2,2-2,0.372732,1.018275,0.880129,0.039099,0.034533,0.116211
3099,1,3-2,0.320999,1.018565,0.908774,0.023981,0.02097,0.083548
3275,2,2-2,0.327513,1.018807,0.946469,0.019584,0.015597,0.061493
3105,1,2-2,0.34453,1.019612,0.885214,0.032287,0.029777,0.102731
2130,3,3-3,0.345564,1.020545,0.930065,0.024932,0.023909,0.077788
2820,2,3-2,0.331836,1.020601,0.851381,0.034043,0.02584,0.116312
2834,1,3-1,0.336199,1.021222,0.87696,0.031116,0.024775,0.104388
3515,2,2-2,0.311611,1.022018,0.90586,0.022741,0.017483,0.083145
3801,2,3-2,0.315574,1.022855,0.968986,0.013677,0.012038,0.044345
3743,1,3-2,0.35853,1.023475,0.854265,0.039863,0.033775,0.127562
2754,2,2-2,0.328889,1.023558,0.823151,0.035271,0.028214,0.124487
3728,1,3-2,0.337054,1.026726,0.858322,0.033759,0.028945,0.11426
4826,2,3-1,0.336878,1.026799,0.906733,0.026973,0.024789,0.089218
2353,2,3-3,0.366531,1.028064,0.888846,0.035964,0.027723,0.108865
3085,1,3-2,0.366914,1.028536,0.907326,0.032553,0.028607,0.097659
4060,2,3-2,0.347493,1.029208,0.892342,0.031377,0.025338,0.102955
3636,2,2-2,0.31575,1.030106,0.943863,0.018266,0.010667,0.063059
2448,3,2-2,0.338915,1.03087,0.934041,0.022772,0.020341,0.073419
3563,2,2-2,0.342726,1.031263,0.842782,0.037667,0.024835,0.128068
2870,1,3-2,0.303087,1.034249,0.947421,0.014939,0.012405,0.053253
2992,1,3-2,0.334367,1.035679,0.876561,0.029822,0.022923,0.101846
2759,2,3-2,0.33616,1.035721,0.904102,0.0268,0.023536,0.087101
2983,1,2-2,0.351279,1.036178,0.870804,0.034802,0.030616,0.110126
2012,3,3-3,0.365698,1.036656,0.847558,0.041904,0.038213,0.130683
4333,3,3-2,0.357402,1.040841,0.838891,0.041101,0.031755,0.13595
2519,1,3-2,0.358632,1.041061,0.871501,0.036204,0.030253,0.11418
2959,2,2-2,0.340498,1.041423,0.838379,0.035176,0.026347,0.121162
2622,3,3-2,0.340805,1.043624,0.887659,0.029328,0.024164,0.096515
2379,3,3-2,0.366911,1.044846,0.813869,0.046609,0.03888,0.146147
4572,3,3-3,0.335279,1.044883,0.975453,0.013357,0.01069,0.043106
2073,3,2-2,0.344254,1.046254,0.85365,0.034581,0.026301,0.116484
2121,3,3-2,0.322883,1.046305,0.87496,0.026585,0.018842,0.093642
2632,2,2-2,0.314994,1.046845,0.928973,0.01903,0.01382,0.066756
3291,3,3-2,0.40988,1.046877,0.834903,0.055176,0.044083,0.153703
3777,2,2-2,0.356347,1.047312,0.904958,0.030129,0.026829,0.094234
4812,3,3-3,0.321831,1.04784,0.986995,0.008848,0.007897,0.028457
2460,3,3-2,0.335474,1.048773,0.9057,0.025562,0.019692,0.085814
4733,1,2-2,0.329337,1.049284,0.932579,0.02073,0.015078,0.070198
3334,3,3-2,0.345948,1.050316,0.938185,0.022909,0.020236,0.069491
2109,2,3-3,0.347226,1.051021,0.926277,0.025092,0.02191,0.075725
4048,3,3-2,0.321118,1.051631,0.94569,0.017552,0.01256,0.059123
3313,1,3-2,0.344713,1.05253,0.94441,0.021064,0.019,0.067023
4384,1,2-2,0.351773,1.053015,0.938955,0.023136,0.020528,0.071511
2594,2,3-2,0.340579,1.053405,0.890016,0.027976,0.023173,0.092747
3076,2,3-2,0.344752,1.053661,0.869796,0.031774,0.025014,0.105914
4814,2,3-2,0.410972,1.055772,0.855101,0.051038,0.040205,0.139604
2482,2,2-2,0.327196,1.057072,0.91305,0.022249,0.01562,0.076433
4345,3,2-2,0.387423,1.057529,0.855341,0.045555,0.037497,0.136665
2024,2,2-2,0.345678,1.057997,0.881048,0.0311,0.023962,0.101704
3862,1,3-2,0.354101,1.058015,0.855758,0.037533,0.023845,0.122331
2504,1,3-1,0.358523,1.059443,0.898128,0.030954,0.02678,0.095172
2010,2,3-2,0.320746,1.059834,0.960212,0.014626,0.011421,0.049668
2858,1,2-2,0.346858,1.060496,0.92748,0.024083,0.019589,0.07526
4102,2,3-2,0.36595,1.062538,0.941026,0.024631,0.021118,0.073226
4362,3,3-2,0.412724,1.063719,0.849969,0.052258,0.039448,0.142521
2039,2,3-2,0.32537,1.063751,0.937484,0.01865,0.013962,0.063219
2347,1,2-2,0.367423,1.06431,0.803347,0.046314,0.036597,0.147422
3469,2,2-2,0.338913,1.066158,0.951484,0.018699,0.01495,0.057966
2876,1,2-2,0.346603,1.06728,0.943239,0.021019,0.017789,0.065941
2773,2,3-3,0.35407,1.067954,0.910795,0.027684,0.025492,0.084392
3028,1,2-2,0.307078,1.068772,0.976342,0.0102,0.006638,0.034147
2131,2,2-2,0.346709,1.069603,0.922715,0.024091,0.020727,0.076442
3688,3,3-2,0.31058,1.069899,0.974959,0.01092,0.006565,0.037127
4691,2,2-2,0.351243,1.070732,0.887974,0.030104,0.023966,0.095067
2991,2,2-2,0.323414,1.070951,0.904879,0.023123,0.015205,0.080634
2221,2,2-2,0.357153,1.07169,0.899493,0.029445,0.025929,0.091046
3230,1,2-2,0.375501,1.072106,0.842947,0.044097,0.030331,0.135819
2149,2,3-2,0.335262,1.073258,0.942842,0.019468,0.018399,0.059702
3097,1,3-2,0.366657,1.073309,0.897331,0.032378,0.026028,0.096018
3586,1,3-2,0.307003,1.075176,0.963507,0.012553,0.009916,0.041191
2888,2,2-2,0.359652,1.075231,0.883011,0.032323,0.026155,0.101586
4036,3,2-2,0.343461,1.075717,0.963795,0.016793,0.011349,0.049472
4630,2,2-2,0.381269,1.077493,0.899139,0.035359,0.024923,0.102788
2967,2,2-2,0.35397,1.077826,0.8938,0.029423,0.023777,0.092246
3284,3,3-3,0.396177,1.078182,0.930809,0.031129,0.025562,0.083659
2609,2,3-3,0.351863,1.078326,0.918484,0.025207,0.021831,0.079073
3476,3,3-3,0.359582,1.078368,0.854637,0.03655,0.026367,0.118786
4049,3,3-2,0.382531,1.078847,0.908796,0.033609,0.028764,0.095576
3925,2,3-2,0.351502,1.07939,0.920128,0.025246,0.019243,0.080516
3798,2,3-2,0.369543,1.080157,0.935666,0.025656,0.024657,0.074445
4082,3,2-2,0.333066,1.0802,0.938281,0.019479,0.013599,0.063594
4177,3,3-2,0.357029,1.080222,0.943622,0.022052,0.019543,0.067205
2413,2,3-2,0.327577,1.08108,0.966618,0.014564,0.010032,0.044696
3796,3,3-2,0.35141,1.081453,0.94582,0.02077,0.018444,0.064157
4917,2,2-2,0.365262,1.083561,0.915263,0.02837,0.025223,0.085645
4618,2,2-2,0.364811,1.083818,0.893665,0.032097,0.023432,0.100069
3830,2,2-2,0.344476,1.084761,0.947893,0.01917,0.015076,0.060578
2324,1,2-2,0.367295,1.085076,0.939942,0.024417,0.020104,0.070262
3506,1,2-2,0.299955,1.085262,0.951475,0.0146,0.010509,0.047783
3282,2,3-2,0.373641,1.086414,0.87213,0.037456,0.026315,0.114338
3420,1,2-2,0.354094,1.086454,0.944419,0.021236,0.01648,0.066136
2452,2,2-2,0.357577,1.086491,0.912085,0.027171,0.022194,0.082944
3828,3,2-2,0.402445,1.086507,0.802862,0.057683,0.040882,0.165605
3069,1,3-3,0.352226,1.087884,0.898539,0.027081,0.01935,0.086659
3520,2,3-2,0.451356,1.088042,0.889067,0.050169,0.041268,0.120995
4360,1,2-2,0.347858,1.090428,0.944114,0.020945,0.013512,0.066057
2092,3,3-2,0.314115,1.090707,0.980662,0.009724,0.0067,0.030913
4072,2,2-2,0.371176,1.090911,0.845749,0.03998,0.029261,0.125344
4013,2,3-2,0.321016,1.091436,0.962988,0.013172,0.009121,0.044655
2752,2,3-2,0.352162,1.091518,0.893135,0.027817,0.022274,0.088567
3255,1,2-2,0.362987,1.091985,0.919015,0.026884,0.022234,0.081902
3811,3,3-2,0.371461,1.092868,0.91498,0.029444,0.024201,0.087558
3554,2,2-2,0.351996,1.094204,0.968007,0.015703,0.013623,0.047651
4340,3,3-2,0.383719,1.094246,0.938135,0.027296,0.023433,0.072988
2790,2,3-2,0.361685,1.096079,0.947779,0.02141,0.017849,0.062755
4483,3,3-1,0.342135,1.096664,0.943955,0.019055,0.014573,0.060664
3845,2,2-2,0.366048,1.098178,0.928571,0.025735,0.022186,0.07506
4147,3,3-2,0.377455,1.098209,0.916812,0.030178,0.026485,0.085838
3770,2,3-3,0.392701,1.098572,0.908398,0.034828,0.028091,0.098866
3491,3,2-2,0.308484,1.099497,0.958564,0.013782,0.010362,0.044049
3216,2,3-2,0.383114,1.099604,0.915229,0.031628,0.024036,0.091823
3449,2,3-2,0.337864,1.099895,0.984835,0.009777,0.008392,0.030181
3113,2,3-1,0.398603,1.100219,0.899573,0.037937,0.031009,0.102431
3281,2,3-2,0.330972,1.101216,0.929912,0.019892,0.011614,0.065983
2032,2,3-2,0.301665,1.101699,0.986733,0.006724,0.004717,0.022553
4548,2,3-1,0.373965,1.102008,0.912941,0.029989,0.027057,0.087535
2113,1,2-2,0.352447,1.102085,0.940346,0.02109,0.016483,0.065489
2627,2,3-2,0.349189,1.10305,0.934766,0.020575,0.015651,0.063308
3561,3,3-2,0.389598,1.10391,0.923618,0.031023,0.026552,0.086175
2658,1,3-2,0.344005,1.105472,0.950825,0.017586,0.014639,0.053665
3064,1,2-2,0.397047,1.105578,0.910731,0.034839,0.03232,0.09517
2812,1,2-2,0.363638,1.105836,0.856589,0.0341,0.023583,0.107548
2521,2,3-1,0.359082,1.106285,0.915799,0.025228,0.020488,0.076189
3096,1,3-2,0.346888,1.107504,0.933884,0.020792,0.013636,0.065754
2761,1,2-2,0.308354,1.10772,0.995058,0.004493,0.003589,0.014826
3184,1,2-2,0.367006,1.11,0.908316,0.029409,0.01882,0.089001
2896,1,3-2,0.356367,1.111722,0.952337,0.019221,0.014987,0.056404
2652,1,3-2,0.391834,1.112147,0.898062,0.035512,0.031537,0.099521
4770,2,2-2,0.378581,1.112191,0.964268,0.019475,0.017098,0.054946
3408,2,2-2,0.348356,1.112351,0.954701,0.017582,0.014746,0.054032
3443,1,2-2,0.357131,1.11355,0.921795,0.024335,0.016024,0.07536
2621,2,2-2,0.36561,1.113667,0.913701,0.026522,0.020782,0.080009
4319,3,2-2,0.396117,1.11409,0.93117,0.029994,0.026673,0.082025
4148,3,3-2,0.380701,1.114519,0.94817,0.023844,0.018151,0.067558
2844,1,3-2,0.368788,1.114605,0.903918,0.028922,0.020469,0.087453
2982,1,3-1,0.394605,1.114722,0.826379,0.047934,0.031962,0.139344
4167,3,2-2,0.404706,1.114953,0.908857,0.036621,0.028827,0.096783
3247,2,3-1,0.382372,1.115643,0.96483,0.019601,0.018147,0.05501
2471,2,3-3,0.383165,1.116014,0.954276,0.022546,0.020643,0.062434
2426,2,3-2,0.387039,1.117095,0.907795,0.032348,0.029004,0.092252
2953,1,3-2,0.347528,1.117495,0.941143,0.018942,0.015364,0.058011
3774,1,3-2,0.39938,1.117931,0.802617,0.053648,0.035883,0.156066
2502,2,2-2,0.353664,1.118682,0.941681,0.019855,0.01597,0.059566
2743,1,3-2,0.353471,1.119362,0.973282,0.014207,0.011279,0.04311
2926,3,3-3,0.371793,1.119918,0.866478,0.033459,0.022791,0.102513
3768,1,3-2,0.38534,1.121383,0.887482,0.035228,0.024708,0.102431
3014,1,2-2,0.343964,1.121539,0.926033,0.021371,0.012293,0.067722
3206,1,2-2,0.32666,1.12238,0.977784,0.01047,0.006871,0.033854
2181,3,3-2,0.363727,1.122658,0.890488,0.028129,0.020582,0.086861
4078,2,2-2,0.394659,1.123897,0.922665,0.031155,0.028882,0.086048
2380,1,3-2,0.416232,1.124267,0.88258,0.044038,0.039744,0.1156
3343,1,2-2,0.398052,1.12497,0.925943,0.03127,0.025805,0.083628
2584,1,3-2,0.324472,1.12498,0.982459,0.008524,0.00773,0.026885
4802,3,2-2,0.361078,1.126125,0.929234,0.024353,0.015383,0.073716
3738,3,3-2,0.37186,1.128,0.953129,0.021335,0.0185,0.059591
2549,3,2-2,0.35244,1.128293,0.958717,0.016402,0.011599,0.050057
4771,3,2-2,0.457364,1.128381,0.935549,0.037454,0.028683,0.087081
2478,3,3-2,0.369796,1.129094,0.913413,0.026787,0.021421,0.079738
4158,3,3-2,0.39394,1.129317,0.904388,0.034251,0.027533,0.09676
3657,3,3-2,0.351714,1.130434,0.98327,0.010731,0.008516,0.032194
2526,2,2-2,0.345695,1.131678,0.952791,0.016629,0.013812,0.049234
3242,2,3-2,0.346991,1.131959,0.960804,0.015824,0.01256,0.04712
3036,2,3-3,0.331988,1.133612,0.992386,0.00627,0.005093,0.019657
2788,2,2-2,0.378305,1.133756,0.841829,0.037552,0.023538,0.113604
2915,2,2-2,0.349016,1.134277,0.983337,0.010859,0.006577,0.03206
3508,1,3-3,0.365027,1.134811,0.931839,0.023417,0.015425,0.07025
3315,1,3-2,0.358681,1.13657,0.946988,0.020264,0.014077,0.060792
2575,3,3-2,0.39965,1.137424,0.83853,0.045392,0.036014,0.126227
4443,3,3-2,0.370389,1.137463,0.976815,0.014257,0.012505,0.040543
2691,2,3-3,0.339079,1.138198,0.981693,0.010322,0.006343,0.031958
2177,1,2-2,0.356341,1.138556,0.983549,0.0108,0.009366,0.031691
2439,2,3-3,0.356048,1.141153,0.962206,0.015555,0.012276,0.046496
3680,3,3-2,0.364186,1.141241,0.977832,0.013356,0.011086,0.039115
2427,3,2-2,0.372147,1.14193,0.89083,0.027034,0.019404,0.08128
3062,1,3-2,0.374381,1.144921,0.945207,0.021494,0.019047,0.061199
3387,3,3-2,0.356833,1.145115,0.941665,0.021066,0.011443,0.063799
3012,1,3-3,0.379647,1.145425,0.938957,0.023993,0.019313,0.067014
2180,2,3-2,0.385194,1.148087,0.969668,0.018064,0.016362,0.047951
2968,2,3-2,0.371323,1.149179,0.933718,0.022022,0.018046,0.064556
3926,2,3-1,0.369553,1.150072,0.933573,0.023704,0.01708,0.070395
3107,3,3-3,0.382983,1.150835,0.928428,0.026836,0.0212,0.073655
3232,1,2-2,0.386722,1.152503,0.913384,0.030168,0.020292,0.085567
2323,2,3-3,0.364456,1.152871,0.971213,0.014519,0.01222,0.041914
3458,1,2-2,0.384897,1.153377,0.953067,0.022573,0.019631,0.059693
2663,3,3-3,0.38404,1.153922,0.933603,0.02498,0.019765,0.07083
3421,2,3-2,0.355854,1.154022,0.98152,0.011184,0.009691,0.032714
2568,2,2-2,0.337166,1.154141,0.987098,0.008062,0.006424,0.024186
4886,3,3-2,0.378085,1.154159,0.975974,0.014854,0.012058,0.041497
2168,2,3-3,0.358655,1.155876,0.979826,0.011816,0.009663,0.034386
3359,2,3-2,0.414317,1.157307,0.892227,0.039692,0.030732,0.106409
2253,2,2-2,0.360593,1.157563,0.960808,0.015768,0.012824,0.046679
3134,1,3-3,0.390971,1.157849,0.944217,0.024133,0.020038,0.066654
2917,1,3-2,0.389166,1.157906,0.894466,0.031594,0.02278,0.090544
3045,1,3-3,0.374203,1.157924,0.945415,0.021309,0.014092,0.061561
3041,2,3-2,0.37103,1.157952,0.947808,0.020237,0.016114,0.056803
3917,1,2-2,0.402414,1.157976,0.94081,0.026914,0.023746,0.072076
2362,2,3-2,0.39709,1.158466,0.928028,0.028268,0.025764,0.076524
2316,2,2-2,0.395602,1.15849,0.953139,0.022786,0.020781,0.061255
2669,3,2-2,0.38454,1.15851,0.943593,0.023291,0.020551,0.064261
3365,2,3-2,0.347129,1.158587,0.977963,0.011618,0.008242,0.035107
4908,3,3-2,0.404562,1.158768,0.948199,0.02609,0.021302,0.070816
2314,1,2-2,0.381676,1.1592,0.90716,0.02914,0.018452,0.084671
2301,2,2-2,0.395946,1.159363,0.959733,0.021428,0.020093,0.057761
3236,1,2-2,0.383585,1.159775,0.962678,0.018679,0.016486,0.052087
2944,2,3-2,0.371761,1.160706,0.933204,0.022037,0.017769,0.062771
3330,3,3-3,0.390115,1.160867,0.905885,0.03076,0.024079,0.086262
2340,2,3-2,0.363096,1.161054,0.9724,0.013656,0.011883,0.038806
2095,3,3-2,0.390297,1.161218,0.970882,0.017701,0.015396,0.047453
2614,3,3-3,0.397444,1.161241,0.909144,0.031512,0.024778,0.087182
4785,2,2-2,0.355169,1.162176,0.994307,0.006307,0.005741,0.018119
2235,2,2-2,0.377013,1.162331,0.91083,0.02708,0.016724,0.079234
3574,3,3-2,0.413771,1.16266,0.850952,0.047581,0.032495,0.130464
2793,2,2-2,0.356637,1.163308,0.97792,0.012053,0.008331,0.035355
2839,2,3-2,0.396249,1.163323,0.959739,0.021411,0.01938,0.055872
2770,2,2-2,0.372534,1.164026,0.961452,0.01817,0.015498,0.050256
4314,3,3-2,0.354974,1.164182,0.981958,0.010958,0.008415,0.031576
3328,2,3-2,0.398678,1.165445,0.93868,0.026483,0.021105,0.072657
3615,1,3-2,0.38848,1.165847,0.952378,0.021916,0.016505,0.060634
2615,3,2-2,0.386635,1.16679,0.965341,0.018739,0.01729,0.049709
2898,2,3-2,0.377735,1.169353,0.93787,0.021564,0.017895,0.061252
3194,2,2-2,0.375497,1.169875,0.961506,0.018027,0.013806,0.051233
2431,2,3-1,0.368197,1.173134,0.955225,0.016999,0.013631,0.048569
2910,2,3-3,0.376883,1.174378,0.974631,0.014582,0.011974,0.040161
3406,3,3-2,0.439461,1.174655,0.916963,0.039339,0.036473,0.096162
3397,2,2-2,0.32706,1.174692,0.987402,0.007666,0.00546,0.023466
3368,1,2-2,0.367194,1.17497,0.980329,0.011767,0.009518,0.033829
3596,3,2-2,0.342472,1.17561,0.98336,0.009666,0.006763,0.028307
3061,1,3-1,0.395371,1.178259,0.920403,0.028371,0.019789,0.078021
4660,2,3-1,0.374122,1.178436,0.955535,0.018648,0.011964,0.053775
3850,2,2-2,0.363049,1.178534,0.990126,0.008407,0.007732,0.023902
2854,1,3-2,0.384055,1.179211,0.907094,0.026442,0.018476,0.07596
2794,3,3-2,0.358408,1.182395,0.985183,0.009536,0.007552,0.027603
3651,3,3-2,0.393536,1.18266,0.96523,0.019139,0.016021,0.050883
2249,1,3-2,0.403088,1.184699,0.959786,0.02137,0.019879,0.055725
2784,3,3-3,0.392718,1.185224,0.951419,0.022306,0.019338,0.058513
4028,2,3-2,0.392723,1.186345,0.963267,0.018933,0.016972,0.051517
2110,2,3-2,0.341862,1.187467,0.986304,0.008021,0.005645,0.023867
2061,3,3-3,0.334827,1.187724,0.992003,0.005802,0.004083,0.017668
2275,2,2-2,0.39242,1.188272,0.948865,0.021689,0.018236,0.058701
3751,2,2-2,0.349061,1.188908,0.987276,0.008613,0.00666,0.024868
4166,2,3-2,0.429495,1.190602,0.872387,0.045437,0.038503,0.116691
3439,2,3-2,0.369423,1.191301,0.969116,0.015321,0.009282,0.043919
2879,2,3-2,0.365742,1.192133,0.967273,0.013618,0.010605,0.038888
2265,3,2-2,0.394784,1.192327,0.958902,0.020529,0.0169,0.05493
3288,2,3-3,0.36833,1.193269,0.983216,0.010815,0.00908,0.030007
4109,3,3-2,0.411545,1.193309,0.898194,0.03541,0.027858,0.094138
2062,2,3-2,0.389607,1.194685,0.96729,0.017566,0.015248,0.04625
4565,3,3-2,0.385057,1.195219,0.977916,0.014112,0.011678,0.038807
4681,2,2-2,0.400724,1.195939,0.980729,0.014688,0.014167,0.038189
2956,2,3-3,0.383017,1.196267,0.974735,0.014503,0.01188,0.039414
2299,2,2-2,0.405269,1.19677,0.977467,0.01618,0.014453,0.041659
2789,2,2-2,0.38049,1.19788,0.955483,0.017496,0.01397,0.049023
2244,1,3-2,0.392959,1.198861,0.952248,0.021239,0.017731,0.057391
2800,2,2-2,0.407854,1.19889,0.935324,0.027246,0.018906,0.072358
3161,2,2-2,0.411368,1.199348,0.986423,0.013203,0.012477,0.033608
3745,2,3-2,0.415841,1.199844,0.955689,0.024259,0.022591,0.062074
3200,1,2-2,0.392188,1.199916,0.973691,0.015815,0.013872,0.042345
3367,3,2-2,0.415309,1.200318,0.920499,0.031829,0.024723,0.083842
2630,1,3-2,0.368015,1.20078,0.963492,0.015329,0.011972,0.042186
3173,1,2-2,0.358848,1.200913,0.98309,0.011057,0.008536,0.032007
3876,1,2-2,0.401279,1.201888,0.959538,0.020764,0.017271,0.054333
3720,1,3-2,0.415814,1.202593,0.905613,0.034318,0.024233,0.091075
4157,2,3-2,0.431928,1.203031,0.928398,0.033742,0.029004,0.085348
3464,3,3-2,0.385894,1.203482,0.987128,0.010898,0.007438,0.029062
2078,1,3-2,0.337816,1.203486,0.988693,0.006946,0.004594,0.020548
3567,3,2-2,0.39093,1.203656,0.904898,0.029944,0.017536,0.084315
2104,1,3-2,0.428372,1.203676,0.981067,0.017118,0.014643,0.042795
2631,2,3-2,0.410179,1.203702,0.937174,0.026482,0.019139,0.069392
4038,3,2-2,0.383232,1.2041,0.975765,0.014642,0.011728,0.039153
2818,2,3-2,0.406679,1.204281,0.916578,0.029377,0.020724,0.078969
2232,2,3-2,0.380057,1.205265,0.973461,0.014422,0.010937,0.039034
3259,1,2-2,0.392629,1.206198,0.945591,0.021513,0.014154,0.059015
3541,3,2-2,0.392455,1.206505,0.964101,0.018856,0.013958,0.051493
2755,2,2-2,0.388701,1.206741,0.968422,0.017682,0.014284,0.045972
2970,1,2-2,0.373333,1.207016,0.953304,0.016951,0.012784,0.046436
4735,2,2-2,0.44603,1.207146,0.875884,0.048919,0.035807,0.122299
3942,2,3-2,0.469809,1.208333,0.939277,0.037453,0.034893,0.084269
2708,2,2-2,0.394925,1.209412,0.951076,0.020825,0.016053,0.05663
3628,1,2-2,0.384281,1.21091,0.989775,0.009761,0.008731,0.025837
2268,1,3-3,0.385087,1.21099,0.957905,0.018291,0.012709,0.050251
2226,1,2-2,0.385718,1.211105,0.956685,0.01773,0.012156,0.048991
2342,3,3-2,0.375556,1.211939,0.978496,0.011933,0.010053,0.033101
2368,2,2-2,0.382266,1.212781,0.979547,0.012276,0.010673,0.032953
3237,1,2-2,0.392418,1.212971,0.913412,0.027993,0.016236,0.077261
2266,2,2-2,0.38667,1.213212,0.976725,0.013992,0.009716,0.038229
3497,1,2-2,0.358408,1.213898,0.988319,0.008592,0.007126,0.024084
2702,3,3-2,0.410649,1.215161,0.958768,0.021147,0.016478,0.05476
3647,2,2-2,0.413016,1.215975,0.866671,0.041081,0.025284,0.110406
4123,3,3-2,0.403989,1.217929,0.975884,0.015944,0.014293,0.041759
2102,2,3-2,0.383362,1.218866,0.970712,0.014545,0.011789,0.039652
2545,1,2-2,0.384492,1.221638,0.979577,0.012319,0.010975,0.033198
2155,1,2-2,0.432363,1.222191,0.916639,0.034273,0.028842,0.084835
3584,3,2-2,0.40686,1.222939,0.978917,0.015284,0.011469,0.039484
2247,3,3-3,0.366216,1.223342,0.988868,0.009006,0.005923,0.025089
3607,3,3-2,0.366717,1.223689,0.997636,0.00414,0.003308,0.01148
3154,2,3-3,0.421209,1.225902,0.941561,0.02725,0.022768,0.068372
3887,2,3-2,0.454967,1.226319,0.960377,0.027838,0.02347,0.06363
3697,2,2-2,0.385404,1.227909,0.971983,0.015489,0.009482,0.042409
3361,2,3-2,0.378061,1.229227,0.963034,0.016301,0.009401,0.046187
3311,1,2-2,0.345967,1.229611,0.967518,0.013136,0.008202,0.037193
3773,3,3-2,0.374463,1.229852,0.977816,0.012765,0.010255,0.034351
3514,2,2-2,0.373646,1.229862,0.996996,0.004786,0.003983,0.013075
3448,2,2-2,0.372463,1.229867,0.982114,0.011004,0.006822,0.030583
4336,3,2-2,0.435252,1.23079,0.905695,0.038461,0.031129,0.09557
3591,3,3-2,0.455922,1.231508,0.965074,0.026112,0.023427,0.060202
3115,1,2-2,0.424019,1.231973,0.944459,0.026184,0.022452,0.065971
4318,3,2-2,0.412369,1.232253,0.963785,0.019751,0.017168,0.050634
2405,1,2-2,0.392156,1.232747,0.970544,0.015443,0.012613,0.040356
4329,2,2-2,0.367324,1.233598,0.987299,0.008929,0.006188,0.024742
2514,1,2-2,0.43584,1.233719,0.878925,0.040728,0.029618,0.103459
2851,2,2-2,0.399216,1.233856,0.96015,0.018479,0.013543,0.049154
3030,1,3-2,0.404791,1.234131,0.960154,0.018491,0.014185,0.048649
4353,2,3-2,0.405938,1.234618,0.94768,0.02216,0.015736,0.058567
3019,1,3-2,0.40911,1.234667,0.951507,0.02113,0.016085,0.055185
3550,2,3-3,0.393519,1.236419,0.938514,0.022386,0.013042,0.061168
3847,1,3-1,0.446332,1.236474,0.796366,0.061056,0.03983,0.154248
4364,3,3-2,0.433381,1.236875,0.979788,0.017587,0.015001,0.042036
4698,3,3-3,0.410403,1.237178,0.97669,0.015904,0.012964,0.041119
2227,2,3-1,0.357502,1.237545,0.983083,0.009942,0.006659,0.027548
3174,1,2-2,0.434415,1.238116,0.944851,0.028631,0.021241,0.070767
3666,1,2-2,0.365025,1.238157,0.995495,0.005092,0.003198,0.01435
2827,2,3-2,0.403624,1.238412,0.916307,0.027762,0.016367,0.074226
3168,2,2-2,0.440182,1.238809,0.95125,0.028418,0.024368,0.066672
2008,1,2-2,0.420767,1.240742,0.880263,0.037765,0.023142,0.099636
3760,2,3-2,0.411529,1.241689,0.925193,0.028789,0.0177,0.075196
3425,2,3-2,0.377441,1.24182,0.937486,0.023786,0.015854,0.062437
4936,3,3-2,0.415061,1.242364,0.946442,0.024364,0.016173,0.063345
2950,1,3-1,0.386407,1.242625,0.983727,0.010618,0.008919,0.028456
2330,2,3-2,0.437569,1.242917,0.978409,0.018435,0.017476,0.043892
2653,3,3-2,0.383058,1.243134,0.994594,0.00631,0.005712,0.016947
4859,3,2-2,0.416135,1.243781,0.964947,0.020346,0.014981,0.0514
2020,2,2-2,0.409395,1.243906,0.957938,0.019917,0.017044,0.051127
3805,2,3-2,0.410516,1.244215,0.980909,0.014329,0.012761,0.036742
3071,1,3-2,0.380656,1.244645,0.98156,0.011264,0.007267,0.030821
3235,1,3-2,0.393569,1.244902,0.991357,0.008716,0.006968,0.022905
2768,1,2-2,0.439396,1.24519,0.853931,0.044757,0.028762,0.113167
2331,3,2-2,0.426377,1.248232,0.973926,0.018056,0.015903,0.044175
2124,1,2-2,0.393673,1.248328,0.980943,0.013225,0.008867,0.034447
3296,1,2-2,0.375081,1.249862,0.987786,0.009374,0.006904,0.025387
4905,2,3-2,0.445232,1.250053,0.96719,0.023445,0.01781,0.055626
3389,3,2-2,0.373075,1.250344,0.977838,0.012991,0.00931,0.03457
3431,3,2-2,0.380121,1.250407,0.987604,0.009775,0.007035,0.026001
3473,3,3-2,0.422474,1.252057,0.966437,0.019872,0.016587,0.049848
2909,3,3-2,0.435992,1.252514,0.91656,0.032903,0.026066,0.08043
3245,1,3-2,0.422866,1.253017,0.95613,0.022416,0.016336,0.056557
4758,2,3-1,0.432052,1.253165,0.898262,0.038551,0.024778,0.097294
3841,3,2-2,0.443115,1.253734,0.933258,0.032443,0.02381,0.079718
2373,2,2-2,0.360399,1.254222,0.988772,0.007999,0.007038,0.022232
2860,1,3-3,0.435417,1.254907,0.967415,0.021246,0.019793,0.05084
2707,2,3-2,0.421619,1.256435,0.93502,0.025448,0.017435,0.064903
3250,1,3-1,0.437564,1.256609,0.925035,0.032479,0.022479,0.080573
3002,2,2-2,0.422398,1.256758,0.960688,0.022386,0.017552,0.054071
4033,2,3-1,0.443432,1.258044,0.95866,0.025179,0.021694,0.060429
4358,3,3-2,0.467988,1.258218,0.928307,0.038925,0.03517,0.090014
3723,1,3-2,0.449323,1.258296,0.958456,0.026287,0.023687,0.061775
3196,1,2-2,0.424882,1.259122,0.986848,0.013121,0.011194,0.031982
2830,1,2-2,0.353065,1.259696,0.983922,0.008194,0.004712,0.023009
3065,3,3-2,0.41245,1.260801,0.970445,0.01665,0.013129,0.04198
3815,2,3-2,0.413037,1.260835,0.962934,0.019825,0.012845,0.051105
3304,2,2-2,0.376902,1.260854,0.984511,0.010602,0.005401,0.028333
4940,2,2-2,0.408231,1.261217,0.959181,0.019769,0.012259,0.051335
2578,1,3-2,0.436008,1.261891,0.966536,0.021528,0.018594,0.051195
4356,3,3-2,0.447039,1.261961,0.931291,0.03328,0.028117,0.079119
3009,1,3-2,0.412261,1.262443,0.974435,0.016013,0.01276,0.040299
2995,2,2-2,0.42873,1.262863,0.925927,0.02946,0.021682,0.072757
4032,2,3-2,0.392588,1.263596,0.975605,0.014607,0.008371,0.038766
3725,2,2-2,0.378986,1.264198,0.990279,0.007918,0.005387,0.021663
2229,2,2-2,0.390424,1.267337,0.981026,0.011024,0.008026,0.029438
2593,1,2-2,0.440956,1.267571,0.961417,0.024005,0.017569,0.057926
4008,3,3-2,0.428568,1.268014,0.966167,0.021068,0.014857,0.051998
4376,2,3-2,0.386666,1.268401,0.988681,0.009657,0.006363,0.025973
4321,2,3-2,0.4235,1.270131,0.949724,0.024945,0.015819,0.063653
3229,2,3-2,0.41939,1.270625,0.97097,0.018482,0.014218,0.046023
2465,2,2-2,0.427557,1.271881,0.943766,0.024306,0.018367,0.060666
2053,1,2-2,0.403261,1.272292,0.982463,0.012771,0.010662,0.032576
3606,1,3-2,0.388255,1.27237,0.984267,0.010084,0.007528,0.026936
3140,2,3-3,0.400539,1.272673,0.988241,0.010148,0.00739,0.025895
4168,2,2-2,0.407099,1.27387,0.976035,0.014631,0.00944,0.037597
3090,2,3-3,0.411832,1.2746,0.97869,0.014778,0.011484,0.036474
3326,1,3-2,0.427278,1.274807,0.958643,0.021877,0.015509,0.054131
3253,1,3-2,0.375319,1.275542,0.991536,0.007373,0.00502,0.019961
4366,2,3-2,0.460787,1.275618,0.964106,0.026166,0.023022,0.060382
2111,1,2-2,0.425881,1.276978,0.978872,0.016018,0.014292,0.038442
4880,3,3-3,0.410371,1.277783,0.994058,0.00784,0.006663,0.019818
4056,3,3-2,0.419917,1.279348,0.970838,0.017462,0.013219,0.044005
2597,1,2-2,0.427118,1.27983,0.974374,0.017044,0.013821,0.041544
2145,2,3-2,0.429386,1.279967,0.924275,0.029702,0.01857,0.074786
2565,3,3-2,0.422495,1.280345,0.985908,0.012622,0.010827,0.03107
3455,1,2-2,0.405447,1.280354,0.9801,0.012977,0.010008,0.033296
4090,2,2-2,0.414121,1.280925,0.993533,0.008435,0.00715,0.020993
3921,2,3-1,0.42396,1.28127,0.985339,0.012936,0.011076,0.031823
2993,2,3-2,0.431953,1.282351,0.970769,0.019661,0.014844,0.047467
2797,3,2-2,0.459489,1.282381,0.936586,0.032936,0.028002,0.076367
2122,2,3-3,0.426457,1.282573,0.929739,0.027706,0.017016,0.06941
3102,2,2-2,0.420416,1.282742,0.953683,0.021798,0.013612,0.05495
3185,1,2-2,0.390231,1.28297,0.97637,0.012829,0.008478,0.033355
3911,1,3-1,0.430489,1.283299,0.953139,0.024003,0.015915,0.059352
2989,3,2-2,0.457728,1.284091,0.964664,0.025134,0.020883,0.058047
3639,3,2-2,0.41667,1.284246,0.988868,0.01097,0.008202,0.027329
3633,1,3-2,0.408221,1.284379,0.971462,0.016294,0.011825,0.04089
3624,2,3-3,0.415065,1.285068,0.932591,0.0252,0.014278,0.065099
2040,2,3-3,0.429972,1.285262,0.984406,0.01387,0.011834,0.033609
4019,2,2-2,0.399595,1.287504,0.986702,0.0109,0.007961,0.027877
3983,2,2-2,0.399313,1.28943,0.970813,0.01654,0.010909,0.04287
2407,1,2-2,0.419706,1.290685,0.975057,0.015456,0.012129,0.03864
4096,2,3-3,0.459505,1.293262,0.950244,0.030134,0.023365,0.068877
2960,1,2-2,0.432775,1.293828,0.959143,0.020344,0.017243,0.04903
2278,3,3-2,0.405656,1.295122,0.985845,0.010175,0.007525,0.025986
3791,2,2-2,0.416693,1.295624,0.937524,0.024236,0.0135,0.062322
3215,1,3-2,0.436431,1.296276,0.971997,0.020531,0.017874,0.047572
4622,2,3-2,0.422289,1.297484,0.987743,0.011684,0.009938,0.028531
2866,2,3-1,0.409167,1.299384,0.984445,0.012146,0.009556,0.029792
3052,1,3-2,0.421634,1.300996,0.969219,0.018273,0.013123,0.044087
2313,3,3-2,0.409308,1.30273,0.965765,0.016942,0.011745,0.041969
3398,2,2-2,0.389928,1.306181,0.992034,0.008077,0.005836,0.021001
3658,2,3-2,0.411796,1.306294,0.97349,0.015208,0.009122,0.039221
2952,1,2-2,0.427915,1.306479,0.979711,0.01393,0.010025,0.033874
4155,2,3-2,0.404713,1.30659,0.996627,0.005332,0.004546,0.013536
3903,2,3-2,0.429631,1.307235,0.990557,0.010457,0.009515,0.025254
3414,2,3-1,0.411963,1.307361,0.988365,0.010364,0.007156,0.026117
4127,2,3-1,0.43779,1.309146,0.973869,0.017627,0.01552,0.042167
3072,2,2-2,0.420457,1.30918,0.983866,0.0119,0.009968,0.029399
3556,3,3-2,0.425345,1.310122,0.964417,0.019874,0.015214,0.047201
2071,1,2-2,0.416748,1.31092,0.983506,0.012782,0.009002,0.031831
2279,2,3-1,0.404887,1.311123,0.992979,0.007202,0.005665,0.018262
3503,2,3-2,0.430337,1.311171,0.98662,0.012737,0.010804,0.03036
3363,2,2-2,0.43592,1.31161,0.985138,0.013402,0.010881,0.031959
3898,3,3-3,0.379682,1.312128,0.997145,0.004039,0.002488,0.010814
2399,3,3-2,0.414918,1.312229,0.927367,0.025549,0.012656,0.06552
2433,1,2-2,0.409202,1.312547,0.989018,0.009783,0.008376,0.024053
2485,1,3-1,0.446137,1.312622,0.902562,0.032251,0.019109,0.078255
4137,3,3-2,0.384172,1.31299,0.970274,0.014453,0.008277,0.037479
2868,1,2-2,0.42952,1.3149,0.968925,0.017373,0.011321,0.042554
3764,3,2-2,0.444797,1.31509,0.941526,0.026784,0.017421,0.064567
4149,2,2-2,0.418381,1.315261,0.99147,0.009367,0.006258,0.022841
3155,1,2-2,0.442861,1.317461,0.992207,0.010503,0.009021,0.024261
2835,1,3-2,0.460627,1.317529,0.950434,0.027397,0.020297,0.063013
3994,2,3-1,0.382049,1.317535,0.989813,0.008303,0.006091,0.02168
2994,1,2-2,0.422375,1.318354,0.987399,0.011328,0.008408,0.027612
3203,1,3-1,0.432019,1.320494,0.988023,0.012073,0.008824,0.028831
3327,3,3-2,0.413323,1.320842,0.991341,0.009093,0.006692,0.02243
2984,2,3-2,0.404845,1.323474,0.972446,0.013921,0.008222,0.035577
3205,1,2-2,0.380869,1.323569,0.99136,0.007479,0.005367,0.019943
3225,1,2-2,0.438652,1.325184,0.972962,0.017197,0.013564,0.04117
3709,3,2-2,0.443999,1.325516,0.899603,0.036446,0.020626,0.088336
3393,3,3-3,0.419223,1.326143,0.990095,0.009545,0.007179,0.023497
2711,2,2-2,0.413756,1.327227,0.969291,0.016692,0.009686,0.041731
3082,2,2-2,0.453455,1.328228,0.965553,0.022108,0.015943,0.051124
3055,1,3-2,0.452119,1.328371,0.969414,0.02026,0.015411,0.046819
4050,2,2-2,0.385878,1.328711,0.986241,0.009763,0.005588,0.025345
3156,2,2-2,0.457385,1.330729,0.951777,0.027241,0.018845,0.062016
3340,2,3-3,0.462107,1.330823,0.97995,0.017965,0.015792,0.040576
3226,1,3-1,0.443925,1.331821,0.982834,0.014691,0.011615,0.034696
4311,2,3-3,0.457257,1.331942,0.988639,0.013819,0.011944,0.031507
3908,3,3-3,0.419313,1.332951,0.990691,0.009405,0.006886,0.023386
2585,2,3-3,0.431711,1.332964,0.983885,0.011794,0.009918,0.028305
3020,1,3-3,0.427932,1.334559,0.979719,0.014067,0.008792,0.034106
2248,1,3-1,0.460267,1.334899,0.886272,0.03918,0.02343,0.092053
2650,1,2-2,0.412769,1.33495,0.979837,0.012707,0.009041,0.030833
3597,2,2-2,0.46324,1.335045,0.987166,0.015262,0.012368,0.034139
2552,2,3-2,0.455238,1.335183,0.976589,0.017787,0.016519,0.040409
3419,1,3-1,0.445867,1.335944,0.948732,0.024412,0.015407,0.058054
2435,2,2-2,0.438864,1.336312,0.964488,0.018024,0.011782,0.043128
2285,1,3-2,0.4859,1.337349,0.936899,0.035803,0.031214,0.07701
2305,3,3-2,0.429637,1.338327,0.98457,0.012066,0.010336,0.028806
2035,1,2-2,0.416985,1.338881,0.99301,0.008216,0.005252,0.019989
2434,2,3-1,0.424192,1.339106,0.989869,0.009263,0.007745,0.022377
3660,3,2-2,0.4477,1.339596,0.945715,0.025781,0.015956,0.06134
4113,3,3-2,0.467274,1.340776,0.979455,0.018852,0.015662,0.042301
2406,3,2-2,0.411348,1.342513,0.995002,0.006136,0.004664,0.015217
4799,2,2-2,0.451631,1.342947,0.96682,0.021008,0.014179,0.049019
2137,2,3-2,0.408741,1.343238,0.982318,0.012998,0.009217,0.032286
3682,1,3-2,0.442189,1.3435,0.91854,0.02972,0.016224,0.071763
2751,2,2-2,0.382738,1.343825,0.991658,0.007133,0.004094,0.018607
4327,3,3-1,0.458751,1.345055,0.946986,0.027995,0.01829,0.065106
3266,1,2-2,0.41362,1.34582,0.993802,0.007495,0.005659,0.01835
2648,1,2-2,0.487192,1.34822,0.936493,0.035054,0.026207,0.076313
3569,3,2-2,0.441212,1.349907,0.991953,0.010293,0.007497,0.024106
3570,2,3-1,0.413672,1.351291,0.995444,0.006298,0.00446,0.015544
3054,2,3-2,0.423423,1.351515,0.993944,0.007631,0.00592,0.018411
2692,3,3-2,0.473376,1.351934,0.954448,0.025715,0.019738,0.057225
2579,2,3-2,0.431595,1.352507,0.993286,0.007797,0.007064,0.018518
3781,1,3-1,0.446791,1.353524,0.97025,0.019106,0.011997,0.04468
4821,1,3-2,0.444783,1.353699,0.958559,0.022095,0.013215,0.052586
2466,2,3-3,0.391076,1.35513,0.993053,0.006471,0.00457,0.016573
3638,2,2-2,0.456768,1.355584,0.991814,0.010892,0.009752,0.0246
2871,2,2-2,0.430548,1.357964,0.983759,0.01153,0.008214,0.02764
3747,3,3-2,0.440111,1.358649,0.985787,0.012822,0.008227,0.030306
3346,1,3-1,0.494835,1.359122,0.929887,0.039624,0.029366,0.085094
3750,2,3-2,0.491653,1.360693,0.891217,0.048678,0.033542,0.106482
2938,1,2-2,0.413121,1.361375,0.983725,0.010792,0.007117,0.026124
2515,1,2-2,0.466543,1.361787,0.959865,0.024085,0.019149,0.054051
2954,2,3-2,0.445793,1.361859,0.966943,0.01758,0.011128,0.041268
3736,2,2-2,0.44952,1.361874,0.99239,0.010026,0.008665,0.022736
2292,1,3-2,0.449113,1.362389,0.987179,0.012755,0.010597,0.029194
4721,2,3-2,0.4593,1.362471,0.980386,0.016679,0.014456,0.037408
4728,3,3-2,0.470705,1.364488,0.969813,0.021495,0.017928,0.047675
4378,2,2-2,0.440891,1.365637,0.991196,0.010068,0.00641,0.023601
3051,1,3-2,0.423799,1.365713,0.994621,0.006358,0.005111,0.01539
3384,1,2-2,0.435042,1.36718,0.991609,0.009458,0.007358,0.022222
2734,2,3-2,0.444099,1.367322,0.980792,0.015403,0.012711,0.034852
2139,2,3-3,0.461164,1.367383,0.99097,0.01156,0.010557,0.025644
3324,2,2-2,0.446516,1.368301,0.990135,0.011065,0.008714,0.025565
2566,1,2-2,0.432763,1.369278,0.98613,0.011872,0.009743,0.027841
2821,1,2-2,0.439475,1.369396,0.969895,0.016431,0.009349,0.038805
3049,1,2-2,0.460906,1.37002,0.971944,0.018437,0.014576,0.041778
4902,2,3-2,0.465967,1.372075,0.97808,0.019629,0.012149,0.043183
3810,1,3-2,0.44347,1.372144,0.981638,0.014121,0.009341,0.033212
3527,1,3-2,0.46547,1.374113,0.957129,0.02423,0.015924,0.054742
2862,3,2-2,0.415992,1.375705,0.984453,0.011705,0.006554,0.028017
3080,3,3-2,0.464201,1.376831,0.957813,0.022482,0.014594,0.051026
3537,3,2-2,0.483626,1.379139,0.96213,0.026852,0.019227,0.058587
2875,2,3-2,0.461021,1.379509,0.96503,0.019816,0.013717,0.04477
4723,2,2-2,0.435611,1.379875,0.994152,0.007872,0.006229,0.018291
3268,1,2-2,0.513244,1.380774,0.939854,0.040268,0.030509,0.082516
3025,2,3-2,0.457578,1.38088,0.98162,0.014672,0.011672,0.033205
2060,2,3-2,0.419343,1.381064,0.99814,0.004132,0.003307,0.010003
2837,1,2-2,0.460067,1.38125,0.942553,0.026124,0.015056,0.05968
3692,3,3-2,0.468705,1.382523,0.988825,0.013418,0.011528,0.029645
2724,3,3-2,0.428545,1.383472,0.998154,0.004156,0.003528,0.009838
2304,2,3-3,0.441756,1.383996,0.970373,0.017229,0.009318,0.040612
3821,3,3-2,0.447586,1.38474,0.98645,0.011746,0.00837,0.027286
3246,1,3-2,0.435206,1.385277,0.974674,0.017514,0.012983,0.040162
3355,1,2-2,0.4523,1.385749,0.973889,0.018383,0.014498,0.041074
3159,1,2-2,0.485721,1.385809,0.959614,0.027209,0.019732,0.059128
2472,1,3-2,0.444867,1.389118,0.971593,0.016679,0.010244,0.038751
3513,2,2-2,0.455079,1.390677,0.986523,0.012935,0.008573,0.029414
3362,2,3-2,0.451113,1.392799,0.979143,0.015957,0.009365,0.036975
2510,1,2-2,0.436257,1.393261,0.985214,0.012083,0.009082,0.02772
4103,3,3-2,0.471635,1.393315,0.989887,0.012834,0.010147,0.028171
2437,2,3-2,0.445632,1.394296,0.978881,0.014882,0.008417,0.034037
3573,3,3-2,0.457121,1.395175,0.994059,0.008975,0.007105,0.020111
3059,2,3-2,0.459596,1.396992,0.990764,0.011043,0.008668,0.024574
2101,1,3-2,0.473456,1.397663,0.945639,0.027291,0.016972,0.060936
2930,1,2-2,0.457553,1.398159,0.945812,0.02555,0.013925,0.058671
3539,1,3-3,0.487728,1.398712,0.973768,0.022365,0.017096,0.047606
2641,2,3-2,0.458862,1.399003,0.982291,0.013829,0.010749,0.030628
3351,2,3-2,0.461739,1.400711,0.953407,0.024352,0.013776,0.055491
3190,1,3-2,0.441638,1.400797,0.984598,0.012507,0.007453,0.029184
4055,2,2-2,0.426254,1.401204,0.982381,0.01353,0.009804,0.031836
2963,2,3-2,0.458854,1.401667,0.988569,0.01151,0.008354,0.025897
2479,1,3-2,0.464821,1.402009,0.968108,0.017658,0.01153,0.039559
2157,2,3-2,0.43006,1.402079,0.993968,0.007017,0.004684,0.016647
2191,1,3-2,0.467402,1.402683,0.984218,0.014468,0.010778,0.032175
2662,3,3-2,0.416146,1.403379,0.984079,0.011366,0.006692,0.027151
2442,2,3-2,0.418193,1.403779,0.97139,0.016266,0.011059,0.038512
3011,2,2-2,0.450426,1.403858,0.994875,0.007651,0.00583,0.017364
3144,1,3-2,0.448606,1.404163,0.989013,0.011175,0.007684,0.025113
3838,1,3-2,0.430722,1.40422,0.971688,0.017481,0.010552,0.040466
2528,2,3-2,0.399565,1.407545,0.973799,0.013248,0.007055,0.032583
4736,3,2-2,0.537062,1.407735,0.941624,0.043293,0.033969,0.086585
2679,2,3-3,0.480442,1.409828,0.970531,0.01972,0.015064,0.042594
3565,2,2-2,0.423656,1.410114,0.996426,0.005562,0.003776,0.01333
3386,3,3-2,0.483103,1.410722,0.988862,0.014217,0.011369,0.030972
2567,3,3-2,0.449541,1.411057,0.992116,0.008924,0.006876,0.020196
3699,2,3-2,0.472656,1.411122,0.951086,0.026234,0.015666,0.058379
2187,1,2-2,0.433664,1.411225,0.982726,0.012459,0.007073,0.028676
4175,2,3-2,0.402341,1.411591,0.984889,0.010239,0.005807,0.025288
4666,3,3-3,0.462576,1.412027,0.99162,0.010564,0.008254,0.023476
3696,2,3-2,0.458451,1.417218,0.992877,0.009816,0.008467,0.021734
2723,3,3-2,0.460846,1.417326,0.986544,0.011604,0.00941,0.02576
4171,3,3-3,0.425213,1.417687,0.993748,0.007259,0.004396,0.017334
2175,1,2-2,0.451004,1.418046,0.997457,0.005164,0.004603,0.011641
2241,3,2-2,0.468274,1.418338,0.974722,0.017262,0.010941,0.038296
2205,2,3-3,0.452948,1.420197,0.977823,0.015186,0.010267,0.033847
3489,3,2-2,0.457264,1.420505,0.989694,0.011046,0.007868,0.024901
3260,2,3-3,0.513392,1.420697,0.972841,0.025012,0.022236,0.05071
3158,1,2-2,0.477091,1.421833,0.990865,0.012011,0.009725,0.025883
3369,3,3-2,0.452758,1.422178,0.997063,0.005918,0.00484,0.013406
3081,1,3-3,0.44782,1.422667,0.994664,0.007277,0.004772,0.016633
3138,1,3-1,0.453286,1.422799,0.994276,0.008285,0.005323,0.018624
3526,3,2-2,0.449414,1.423338,0.998609,0.004029,0.003485,0.009128
3214,1,2-2,0.473696,1.424069,0.978011,0.01734,0.012799,0.037814
4339,3,2-2,0.472163,1.425312,0.976474,0.017869,0.012519,0.039312
3013,1,2-2,0.493276,1.425633,0.944537,0.028845,0.018755,0.061535
2495,1,3-3,0.477504,1.427576,0.989356,0.012972,0.011939,0.027546
2726,1,2-2,0.464201,1.427796,0.98916,0.010284,0.007218,0.022749
4829,2,2-2,0.492981,1.428193,0.987313,0.015179,0.012041,0.031928
3269,1,2-2,0.467963,1.428854,0.982974,0.015295,0.012564,0.033101
3426,1,2-2,0.462169,1.429454,0.990587,0.010253,0.006934,0.022773
3300,3,2-2,0.465314,1.429631,0.991142,0.010902,0.007139,0.024128
3207,1,3-2,0.453233,1.429885,0.969881,0.019206,0.011847,0.042717
2661,2,3-2,0.439773,1.432135,0.986235,0.011243,0.006126,0.025651
2524,1,2-2,0.499422,1.434267,0.978986,0.019943,0.01673,0.041401
3124,1,3-2,0.480958,1.435066,0.993818,0.009712,0.008671,0.020577
2300,2,2-2,0.478617,1.436236,0.977752,0.016885,0.011646,0.03608
3265,1,2-2,0.486718,1.436587,0.984224,0.016618,0.01354,0.034968
3379,2,2-2,0.469065,1.43732,0.994465,0.008876,0.007155,0.019404
3070,2,2-2,0.441024,1.438564,0.992298,0.008123,0.006168,0.018469
3665,1,2-2,0.500509,1.438728,0.951346,0.029323,0.019733,0.06171
2125,2,2-2,0.454092,1.440795,0.989072,0.011455,0.008795,0.025364
3016,1,3-2,0.482289,1.440855,0.980664,0.016193,0.011808,0.034772
3352,3,3-3,0.477722,1.441616,0.97837,0.016939,0.01069,0.037074
3686,3,2-2,0.507567,1.443052,0.974473,0.023693,0.017325,0.04848
3221,3,3-3,0.493642,1.450456,0.93767,0.03197,0.018875,0.068508
2171,2,2-2,0.453493,1.450732,0.985416,0.011764,0.007873,0.026042
3756,2,2-2,0.45901,1.451268,0.984494,0.013022,0.00613,0.029207
3191,2,3-2,0.515558,1.456519,0.958866,0.030088,0.021596,0.061404
2019,3,2-2,0.462333,1.457094,0.996025,0.006877,0.004071,0.015096
4876,2,3-2,0.505005,1.457623,0.966593,0.027587,0.022725,0.055175
2534,2,3-3,0.477489,1.458662,0.990835,0.010261,0.007845,0.022021
3595,1,2-2,0.436454,1.458678,0.985502,0.011783,0.006601,0.026932
2429,1,2-2,0.466435,1.459995,0.995259,0.007757,0.005349,0.016879
3075,1,3-1,0.475379,1.46167,0.987589,0.012373,0.008783,0.026334
2756,2,3-2,0.474727,1.466362,0.982407,0.013391,0.007908,0.029058
3371,2,3-2,0.448263,1.467435,0.997474,0.004956,0.003344,0.011284
3148,1,3-3,0.485743,1.467648,0.973213,0.020543,0.015088,0.042846
4165,3,2-2,0.534914,1.467949,0.949485,0.03725,0.028019,0.073592
3403,2,2-2,0.423394,1.467996,0.983363,0.011702,0.006673,0.0276
3870,3,3-3,0.513984,1.46841,0.962951,0.028294,0.019665,0.058118
3042,1,2-2,0.47438,1.468461,0.994315,0.008487,0.006476,0.018255
3727,2,2-2,0.426914,1.469978,0.97788,0.01391,0.008085,0.032278
4002,1,3-2,0.476615,1.474118,0.991807,0.010709,0.006741,0.023202
3201,1,2-2,0.510299,1.475204,0.966284,0.025269,0.017324,0.051687
3338,2,3-2,0.460957,1.476414,0.998102,0.004438,0.003324,0.009763
4179,2,3-1,0.455523,1.479341,0.996977,0.005851,0.004054,0.012956
3883,1,2-2,0.453531,1.482054,0.98392,0.013233,0.007594,0.029381
3034,2,3-2,0.484581,1.482488,0.994291,0.008904,0.007581,0.018609
2090,1,2-2,0.444076,1.484124,0.993476,0.007718,0.004565,0.0176
2387,1,2-2,0.466613,1.485813,0.993853,0.007959,0.005195,0.017231
3372,2,3-2,0.447967,1.488229,0.986053,0.012848,0.008656,0.028908
2423,2,2-2,0.479191,1.491344,0.993198,0.008188,0.005955,0.017449
3202,2,3-3,0.524317,1.492072,0.993297,0.013129,0.011079,0.026258
3693,1,3-2,0.506587,1.492109,0.9896,0.014787,0.012713,0.029575
3319,1,2-2,0.467926,1.492361,0.986023,0.013343,0.007732,0.02872
3734,1,2-2,0.493303,1.493136,0.963868,0.022229,0.012069,0.046811
2543,1,3-3,0.543153,1.493993,0.934268,0.039862,0.028716,0.077022
3187,2,3-2,0.517652,1.494663,0.992556,0.012886,0.010077,0.025773
3642,3,2-2,0.477872,1.496614,0.993604,0.009657,0.006614,0.020872
3344,3,2-2,0.480633,1.497075,0.992779,0.010345,0.007333,0.021982
3228,1,2-2,0.493497,1.498132,0.990177,0.011194,0.007766,0.023292
3587,2,2-2,0.43327,1.500065,0.96616,0.018178,0.010971,0.04155
3050,2,3-3,0.465384,1.500856,0.993773,0.007818,0.004672,0.01692
3902,1,3-2,0.520206,1.502073,0.978203,0.021732,0.015703,0.042572
2372,1,2-2,0.51709,1.502351,0.951561,0.028005,0.017188,0.056533
3181,1,3-2,0.492063,1.502589,0.994098,0.009633,0.007967,0.019841
2736,2,2-2,0.504929,1.505304,0.991337,0.01152,0.009385,0.023354
3517,2,3-3,0.431396,1.506064,0.980527,0.012881,0.007723,0.02976
2365,2,3-2,0.448534,1.508085,0.98649,0.01123,0.006142,0.024888
3383,3,2-2,0.452068,1.509053,0.976396,0.016255,0.010488,0.035815
2547,2,3-2,0.469578,1.510138,0.990713,0.009827,0.005637,0.021016
2877,1,2-2,0.470711,1.510311,0.996157,0.005802,0.003614,0.012496
3533,2,3-1,0.475445,1.510876,0.997793,0.005036,0.003999,0.010748
2296,2,3-3,0.473629,1.513107,0.9916,0.010906,0.007019,0.023437
3131,1,2-2,0.492387,1.51349,0.994286,0.008648,0.006587,0.017843
2785,1,2-2,0.499324,1.514146,0.992951,0.009993,0.00804,0.020396
3130,1,3-1,0.486789,1.516594,0.985271,0.013744,0.008064,0.028863
3373,1,2-2,0.489406,1.517724,0.9875,0.011988,0.006892,0.025202
2676,2,3-2,0.476934,1.520776,0.993266,0.007923,0.004604,0.016885
3189,1,3-2,0.502743,1.521666,0.985257,0.014296,0.009102,0.029375
2154,2,3-2,0.471991,1.524379,0.992809,0.008669,0.004675,0.018593
4519,3,3-2,0.483897,1.52459,0.991551,0.011501,0.007725,0.024123
4150,2,3-2,0.472135,1.526418,0.997107,0.005591,0.003225,0.012024
3962,3,3-2,0.480654,1.526645,0.992581,0.010187,0.0061,0.021671
2334,2,3-3,0.423155,1.529677,0.959901,0.017007,0.009018,0.039288
2022,1,2-2,0.477953,1.529946,0.993048,0.00881,0.0054,0.018857
2424,2,2-2,0.464345,1.530306,0.984542,0.01206,0.006193,0.026016
2874,3,3-2,0.482207,1.531511,0.994525,0.008578,0.006234,0.017886
2354,2,2-2,0.476058,1.534229,0.986265,0.012124,0.006363,0.025536
2934,2,2-2,0.475061,1.534232,0.992036,0.009182,0.005438,0.019689
3254,1,3-2,0.521048,1.534673,0.986191,0.016691,0.011847,0.032911
2996,1,2-2,0.473228,1.537021,0.99189,0.009976,0.006237,0.021441
2505,1,3-1,0.490532,1.537707,0.994095,0.008712,0.006104,0.017841
3441,3,3-2,0.468419,1.53797,0.99564,0.007059,0.005552,0.015319
2539,1,3-2,0.470413,1.544177,0.997612,0.005241,0.003562,0.011167
3445,2,2-2,0.439157,1.548073,0.980053,0.013003,0.00792,0.029474
2889,2,2-2,0.479485,1.548386,0.999151,0.003132,0.002532,0.006639
3175,1,3-2,0.483163,1.551285,0.995492,0.00813,0.005437,0.017162
2942,3,3-3,0.499024,1.551677,0.986948,0.014503,0.010054,0.029165
2483,3,3-3,0.497522,1.5521,0.986324,0.013804,0.008699,0.027878
2336,3,3-2,0.544311,1.553852,0.982701,0.019761,0.016409,0.037374
2107,1,2-2,0.476528,1.555626,0.99365,0.008513,0.005242,0.017818
2190,3,3-3,0.50413,1.559621,0.994504,0.007992,0.005517,0.016039
3152,1,3-1,0.482499,1.560893,0.997371,0.005781,0.004577,0.01204
2703,2,2-2,0.510662,1.563354,0.995668,0.00748,0.005303,0.014879
3576,2,2-2,0.541841,1.564114,0.986577,0.017736,0.013211,0.033723
3675,3,2-2,0.493418,1.564246,0.994738,0.009461,0.008085,0.019365
3703,2,2-2,0.476455,1.568479,0.990676,0.010966,0.007915,0.023254
2386,2,3-3,0.47673,1.569646,0.995217,0.006305,0.00289,0.013364
2620,2,2-2,0.420841,1.570809,0.977844,0.01254,0.009557,0.029546
3716,1,3-2,0.524624,1.57467,0.972353,0.020559,0.011677,0.040591
2086,2,3-2,0.484427,1.575423,0.994155,0.008475,0.005841,0.017714
3233,1,3-2,0.542379,1.575936,0.956353,0.030679,0.018549,0.059085
3354,2,3-2,0.503014,1.576042,0.999149,0.003532,0.003004,0.007103
3142,1,3-3,0.503005,1.579225,0.990672,0.011738,0.007791,0.023476
2283,2,3-2,0.507321,1.579315,0.991165,0.010192,0.006651,0.02023
3219,2,3-2,0.464379,1.580708,0.980451,0.01478,0.008893,0.031834
4784,2,3-3,0.535547,1.586171,0.992443,0.01376,0.011549,0.026178
2446,2,3-2,0.487799,1.587697,0.996926,0.005822,0.003476,0.012091
3317,1,3-2,0.517963,1.58927,0.995329,0.009009,0.007361,0.017663
4342,3,3-2,0.460612,1.589826,0.988009,0.011393,0.008625,0.024836
4831,2,2-2,0.541967,1.590591,0.997617,0.007616,0.006847,0.014405
3166,1,2-2,0.513614,1.592477,0.984446,0.015224,0.008972,0.030447
4079,3,3-2,0.531947,1.592629,0.992509,0.012464,0.010307,0.023906
4642,2,3-1,0.49947,1.594176,0.986902,0.013776,0.008566,0.02779
2729,2,3-1,0.51098,1.596988,0.996478,0.006709,0.005123,0.01328
2339,1,3-2,0.488668,1.599041,0.997671,0.004973,0.002877,0.01026
2893,2,2-2,0.4718,1.59926,0.985978,0.011,0.005078,0.02319
3424,1,3-1,0.548133,1.603455,0.978612,0.020848,0.013645,0.039314
2713,2,3-2,0.532535,1.604091,0.996986,0.007674,0.006258,0.014607
2586,2,2-2,0.481412,1.604698,0.992835,0.008741,0.004926,0.018215
2085,2,3-2,0.478818,1.606905,0.992491,0.008573,0.004545,0.017959
3659,1,3-2,0.552968,1.610612,0.980387,0.019625,0.013218,0.036604
2264,1,2-2,0.498709,1.611024,0.99904,0.003609,0.002806,0.007334
3377,3,2-2,0.531155,1.611916,0.993929,0.010856,0.008328,0.020851
2432,1,3-2,0.497158,1.612724,0.994983,0.007586,0.003639,0.015433
4834,3,3-2,0.544902,1.61992,0.996123,0.009464,0.007369,0.017876
2445,1,2-2,0.510652,1.62813,0.988571,0.01315,0.007624,0.025711
2776,2,2-2,0.577746,1.629275,0.981909,0.022228,0.018753,0.039517
2611,1,2-2,0.540968,1.630967,0.995174,0.01015,0.008972,0.018885
3306,3,2-2,0.452325,1.631368,0.979128,0.014369,0.01103,0.031546
2667,1,3-2,0.520392,1.63316,0.9981,0.005336,0.004279,0.010313
2506,2,3-2,0.459405,1.635372,0.983165,0.012216,0.007857,0.02632
2733,2,3-2,0.544654,1.635736,0.993927,0.010102,0.007679,0.018814
3001,1,2-2,0.535289,1.638139,0.981284,0.017885,0.008954,0.034231
3453,3,2-2,0.488043,1.639526,0.987896,0.011974,0.006829,0.024604
3073,1,3-2,0.511669,1.639716,0.996267,0.006764,0.003936,0.013289
2774,1,2-2,0.491768,1.639853,0.991076,0.011292,0.008883,0.023235
3087,2,3-2,0.504874,1.645034,0.997512,0.005408,0.002872,0.010817
2501,2,2-2,0.509607,1.648365,0.993599,0.009991,0.006956,0.01981
3086,2,3-3,0.488776,1.648925,0.993356,0.008513,0.005702,0.01748
4026,3,2-2,0.506832,1.651999,0.997906,0.005406,0.003981,0.010812
4788,1,3-2,0.542171,1.65274,0.997059,0.007496,0.00586,0.01416
2395,2,2-2,0.5326,1.654515,0.996911,0.006827,0.004559,0.013003
3171,1,2-2,0.521364,1.65502,0.998827,0.004285,0.002961,0.008329
3525,3,2-2,0.515396,1.656738,0.974417,0.021472,0.014136,0.041532
3802,3,2-2,0.497308,1.65784,0.958074,0.026408,0.016281,0.052816
2719,2,3-2,0.514756,1.660032,0.993707,0.00916,0.006194,0.017804
2467,3,2-2,0.496148,1.662558,0.990565,0.010737,0.006317,0.021568
3936,3,3-2,0.546067,1.663451,0.99692,0.008161,0.005726,0.015156
4104,2,3-2,0.488277,1.665888,0.984287,0.013902,0.008902,0.028512
3495,3,3-2,0.528525,1.670416,0.988395,0.014438,0.008248,0.027587
3007,1,2-2,0.556955,1.670511,0.988843,0.014372,0.008764,0.026401
4382,3,3-2,0.545512,1.67351,0.990887,0.014869,0.009722,0.027613
3746,2,2-2,0.525955,1.674638,0.998101,0.005142,0.003174,0.009941
3813,2,3-2,0.559241,1.688962,0.987878,0.015406,0.009986,0.02838
2965,2,2-2,0.510686,1.690512,0.989602,0.011403,0.005575,0.022337
2710,1,2-2,0.564722,1.69177,0.992012,0.011741,0.007782,0.021215
2469,1,3-2,0.546244,1.692786,0.999069,0.004022,0.003157,0.007427
3626,3,2-2,0.465844,1.696487,0.970823,0.017889,0.013525,0.038333
2185,2,3-2,0.509668,1.696509,0.988237,0.012346,0.00685,0.024139
3239,1,3-3,0.531412,1.697544,0.989758,0.013597,0.009215,0.026028
2884,3,3-3,0.556967,1.697686,0.996125,0.007681,0.005794,0.013969
3325,1,2-2,0.51046,1.698272,0.995054,0.007831,0.004946,0.01536
2772,2,3-3,0.561412,1.698396,0.977281,0.018949,0.009294,0.034524
4099,2,3-2,0.483405,1.700446,0.989255,0.011044,0.009195,0.022824
2672,2,3-2,0.559084,1.704719,0.998255,0.005657,0.004529,0.01026
3353,2,2-2,0.515435,1.705183,0.980316,0.018185,0.010944,0.035396
2028,2,3-2,0.545918,1.706277,0.999487,0.002978,0.002278,0.005505
2999,1,3-2,0.559707,1.706446,0.987603,0.014815,0.008124,0.026966
2527,3,3-3,0.534324,1.713954,0.99394,0.009752,0.005654,0.018552
3186,3,3-2,0.517238,1.72077,0.996151,0.006994,0.005293,0.013711
2027,1,2-2,0.537992,1.729726,0.994755,0.009342,0.006039,0.01738
3342,2,2-2,0.550629,1.737791,0.994137,0.010972,0.006716,0.020188
2570,1,2-2,0.529592,1.739506,0.996314,0.007023,0.00406,0.013329
2503,3,3-3,0.506922,1.741127,0.988552,0.011788,0.00719,0.023167
2382,2,3-2,0.475173,1.749584,0.984238,0.012118,0.0091,0.025338
3711,2,2-2,0.57376,1.751282,0.981671,0.019453,0.010472,0.034756
3364,2,2-2,0.517158,1.752972,0.996086,0.007168,0.005652,0.013946
2969,1,2-2,0.510863,1.753976,0.993638,0.008347,0.005256,0.0163
2418,2,3-3,0.506692,1.762189,0.988535,0.011535,0.007839,0.022661
4682,2,2-2,0.590487,1.779173,0.996903,0.009497,0.006125,0.016347
4655,2,2-2,0.545361,1.781557,0.985115,0.0168,0.010027,0.030993
2603,1,2-2,0.508931,1.782337,0.98873,0.011256,0.007489,0.022007
4643,2,3-3,0.515199,1.784134,0.992814,0.009854,0.008455,0.019239
3549,2,2-2,0.527679,1.784811,0.988732,0.013319,0.009358,0.025306
2913,1,2-2,0.489027,1.797146,0.97025,0.016417,0.009106,0.033111
2533,1,3-2,0.530462,1.803994,0.979467,0.017341,0.009827,0.032407
2548,1,2-2,0.575707,1.817268,0.999397,0.00358,0.00286,0.006264
4330,2,3-2,0.583558,1.842405,0.992269,0.013413,0.008989,0.023249
3038,2,3-3,0.608545,1.850568,0.988506,0.016303,0.00974,0.027381
4349,3,2-2,0.586907,1.85114,0.987185,0.019092,0.011739,0.032824
3450,2,2-2,0.549846,1.855643,0.98835,0.014497,0.010066,0.026472
2832,1,2-2,0.57439,1.866333,0.998844,0.004175,0.002894,0.007312
2806,1,3-2,0.519178,1.867077,0.981408,0.01446,0.008841,0.02765
3251,2,2-2,0.625145,1.870489,0.993889,0.012937,0.009041,0.02106
2290,2,3-2,0.541964,1.871337,0.995234,0.007784,0.005838,0.014384
2220,1,3-2,0.545634,1.8834,0.995962,0.007076,0.004975,0.012973
3188,1,3-2,0.563698,1.888758,0.997187,0.00711,0.006045,0.012703
3435,3,2-2,0.518449,1.898097,0.975487,0.018686,0.014293,0.035954
3676,2,2-2,0.516275,1.90206,0.979567,0.017313,0.014727,0.033698
2006,2,2-2,0.578393,1.913751,0.99562,0.009627,0.007374,0.016758
2599,3,2-2,0.534753,1.91775,0.990098,0.011707,0.009628,0.021933
3146,1,3-3,0.559634,1.926322,0.997096,0.006525,0.005451,0.011696
2451,2,2-2,0.588565,1.930569,0.977067,0.025559,0.017015,0.04352
2289,2,3-2,0.589322,1.949675,0.996371,0.008083,0.005168,0.013768
4928,3,2-2,0.590469,1.966584,0.982447,0.020979,0.013844,0.035665
2690,2,3-2,0.610357,1.99194,0.997139,0.008251,0.005613,0.013564
4074,3,2-2,0.613418,2.013154,0.995259,0.009872,0.006866,0.016331
2511,2,3-2,0.685731,2.027754,0.986763,0.024292,0.015793,0.036005
3000,2,3-2,0.597239,2.031886,0.996463,0.007875,0.005536,0.013263
3825,2,3-2,0.568178,2.042419,0.991275,0.012523,0.011439,0.022344
3234,1,2-2,0.619748,2.049881,0.99102,0.016843,0.012291,0.027439
2932,2,3-2,0.611302,2.056325,0.996468,0.008455,0.005814,0.013916
3195,1,2-2,0.630116,2.068329,0.999034,0.005096,0.004638,0.008201
3182,1,2-2,0.566511,2.097473,0.979288,0.018816,0.014026,0.033384
2366,3,3-2,0.63765,2.112933,0.996907,0.008969,0.006195,0.014161
3129,3,3-3,0.635311,2.11812,0.996663,0.009848,0.007655,0.015634
2393,1,3-3,0.636516,2.180517,0.997658,0.007342,0.006392,0.011601
3349,2,3-2,0.540242,2.190759,0.968022,0.022067,0.018034,0.040836
3691,2,2-2,0.595162,2.215331,0.990311,0.012878,0.01017,0.021759
3852,3,3-2,0.555,2.23061,0.971186,0.020212,0.01506,0.036487
3530,2,2-2,0.582154,2.235864,0.984782,0.01689,0.014621,0.029275
3797,3,3-2,0.570068,2.237908,0.989368,0.012818,0.011672,0.022849
3120,1,3-3,0.601847,2.245806,0.990656,0.013394,0.011163,0.022372
4868,2,2-2,0.660626,2.340646,0.991836,0.016011,0.012086,0.024462
3252,2,3-3,0.638935,2.371986,0.990838,0.014897,0.012446,0.023491
2308,2,2-2,0.660795,2.428541,0.985154,0.02031,0.013666,0.030842
3405,3,3-2,0.604322,2.516918,0.98119,0.018982,0.016019,0.031741
3427,3,3-2,0.651914,2.55096,0.990324,0.015584,0.013513,0.024144
3681,2,2-2,0.615793,2.557065,0.980143,0.020427,0.017336,0.033452
4101,3,3-2,0.685585,2.90936,0.987479,0.020456,0.018605,0.030446
3169,2,2-2,0.842377,3.907822,0.99746,0.013049,0.011717,0.015694
